{
  "features/admin_add_language.feature": 12.534199714660645,
  "features/admin_permissions.feature": 44.60783338546753,
  "features/compare_searches.feature": 82.6485686302185,
  "features/expert_member_role.feature": 122.24775433540344,
  "features/group_admin_role.feature": 77.78491520881653,
  "features/home_page.feature": 11.004863262176514,
  "features/member_role.feature": 90.4583957195282,
  "features/pagination.feature": 41.27999186515808,
  "features/preview_mode.feature": 0.44974589347839355,
  "features/registration.feature": 14.908835172653198,
  "features/saved_searches.feature": 85.6687912940979,
  "features/search_by_implication_antecedent.feature": 24.738483428955078,
  "features/search_by_implication_both.feature": 30.061118841171265,
  "features/search_by_implication_consequent.feature": 19.818593740463257,
  "features/search_by_implication_double.feature": 25.51811957359314,
  "features/search_by_keyword.feature": 28.388588190078735,
  "features/search_by_ling_prop_val_all.feature": 6.280472755432129,
  "features/search_by_ling_prop_val_any.feature": 6.076805353164673,
  "features/search_by_property_all.feature": 3.2974331378936768,
  "features/search_by_property_any.feature": 3.895359992980957,
  "features/search_by_property_any_with_depth.feature": 5.567602157592773,
  "features/search_by_property_cross.feature": 25.25312089920044,
  "features/search_categories.feature": 9.016424655914307,
  "features/search_compare_lings.feature": 21.913969039916992,
  "features/search_errors.feature": 12.290948629379272,
  "features/search_examples.feature": 16.012160062789917,
  "features/search_lings.feature": 25.308587551116943,
  "features/search_with_ling_depth.feature": 12.434039115905762,
  "features/show_filtered_search_columns.feature": 53.88190674781799,
  "features/show_simple_search_columns.feature": 13.118799448013306,
  "features/sign_in_and_out.feature": 19.090478897094727,
  "features/supported_data_entry.feature": 45.69476079940796,
  "features/visitor_permissions.feature": 18.182143926620483
}