{
  "spec/controllers/categories_controller_spec.rb": 0.9428374767303467,
  "spec/controllers/examples_controller_spec.rb": 0.993098258972168,
  "spec/controllers/examples_lings_properties_controller_spec.rb": 0.7450361251831055,
  "spec/controllers/group_data_controller_spec.rb": 0.0763700008392334,
  "spec/controllers/groups_controller_spec.rb": 0.4286344051361084,
  "spec/controllers/home_controller_spec.rb": 0.014297723770141602,
  "spec/controllers/lings_controller_spec.rb": 1.5887503623962402,
  "spec/controllers/lings_properties_controller_spec.rb": 0.13828325271606445,
  "spec/controllers/memberships_controller_spec.rb": 0.8819522857666016,
  "spec/controllers/properties_controller_spec.rb": 0.7819051742553711,
  "spec/controllers/search_comparisons_controller_spec.rb": 0.02748703956604004,
  "spec/controllers/searches_controller_spec.rb": 0.27949047088623047,
  "spec/lib/group_data/importer_spec.rb": 3.195283889770508,
  "spec/lib/group_data/validator_spec.rb": 0.6983387470245361,
  "spec/lib/settings_spec.rb": 0.0014007091522216797,
  "spec/lib/sswl_data/converter_spec.rb": 0.024936437606811523,
  "spec/models/ability_spec.rb": 1.9912052154541016,
  "spec/models/category_spec.rb": 0.04095172882080078,
  "spec/models/example_spec.rb": 0.10896754264831543,
  "spec/models/examples_lings_property_spec.rb": 0.06714963912963867,
  "spec/models/group_spec.rb": 0.13315486907958984,
  "spec/models/ling_spec.rb": 0.13421845436096191,
  "spec/models/lings_property_spec.rb": 0.19718503952026367,
  "spec/models/membership_spec.rb": 0.23647594451904297,
  "spec/models/property_spec.rb": 0.02472400665283203,
  "spec/models/role_spec.rb": 0.002599000930786133,
  "spec/models/search_results/query_adapter_spec.rb": 0.008237600326538086,
  "spec/models/search_results/result_adapter_spec.rb": 0.009737491607666016,
  "spec/models/search_results/select_all_filter_spec.rb": 0.0034759044647216797,
  "spec/models/search_results/select_any_filter_spec.rb": 0.012401819229125977,
  "spec/models/search_spec.rb": 0.2620265483856201,
  "spec/models/stored_value_spec.rb": 0.007126331329345703,
  "spec/models/user_spec.rb": 0.056226491928100586,
  "spec/presenters/clustering/cluster_spec.rb": 0.002821207046508789,
  "spec/presenters/clustering/point_spec.rb": 0.003342151641845703,
  "spec/presenters/hierarchical_clustering_spec.rb": 0.027374982833862305,
  "spec/presenters/search_cross_spec.rb": 0.03713870048522949,
  "spec/routing/groups_routing_spec.rb": 0.1763622760772705,
  "spec/routing/home_routing_spec.rb": 0.0012400150299072266,
  "spec/routing/lings_routing_spec.rb": 0.006135702133178711
}